rank,ratio_usd_per_100,website,name,price_usd,value,needs_check,flags,price_outlier_hint,cross_shop_median_usd,eur_per_100_from_usd,usd_to_eur_rate,fx_source,fx_timestamp
1,2.4763,StarPets,Traveler's Gun,128.77,5200,False,,True,379.59,2.1552,0.87032202,ECB daily reference rate,2026-09-22T09:50:57.936837+00:00
2,2.5316,StarPets,Sakura,34.43,1360,False,,True,82.59,2.2033,0.87032202,ECB daily reference rate,2026-09-22T09:50:57.936837+00:00
3,2.6507,StarPets,C. Vampire's Gun,768.70,29000,False,,False,890.64,2.3070,0.87032202,ECB daily reference rate,2026-09-22T09:50:57.936837+00:00
4,2.7154,StarPets,Evergun,93.68,3450,False,,False,198.09,2.3632,0.87032202,ECB daily reference rate,2026-09-22T09:50:57.936837+00:00
5,2.7336,StarPets,Blossom,37.45,1370,False,,False,82.59,2.3791,0.87032202,ECB daily reference rate,2026-09-22T09:50:57.936837+00:00
6,2.7360,StarPets,Chroma Sunrise,294.12,10750,False,,False,513.30,2.3812,0.87032202,ECB daily reference rate,2026-09-22T09:50:57.936837+00:00
7,2.7569,StarPets,Vampire's Axe,44.11,1600,False,,False,91.42,2.3994,0.87032202,ECB daily reference rate,2026-09-22T09:50:57.936837+00:00
8,2.7607,StarPets,Chroma Heart Wand,117.33,4250,False,,False,251.14,2.4027,0.87032202,ECB daily reference rate,2026-09-22T09:50:57.936837+00:00
9,2.7902,StarPets,Alienbeam,57.20,2050,False,,True,127.14,2.4284,0.87032202,ECB daily reference rate,2026-09-22T09:50:57.936837+00:00
10,2.8139,StarPets,Chroma Evergreen,1153.71,41000,False,,True,2772.09,2.4490,0.87032202,ECB daily reference rate,2026-09-22T09:50:57.936837+00:00
11,2.8167,StarPets,Sunrise,30.28,1075,False,,False,65.69,2.4515,0.87032202,ECB daily reference rate,2026-09-22T09:50:57.936837+00:00
12,2.8572,StarPets,Chroma Icecream,51.43,1800,False,,True,133.39,2.4867,0.87032202,ECB daily reference rate,2026-09-22T09:50:57.936837+00:00
13,2.8678,StarPets,Gingerscope,458.84,16000,False,,False,786.79,2.4959,0.87032202,ECB daily reference rate,2026-09-22T09:50:57.936837+00:00
14,2.8761,StarPets,Vampire's Gun,51.05,1775,False,,True,123.79,2.5031,0.87032202,ECB daily reference rate,2026-09-22T09:50:57.936837+00:00
15,2.8924,StarPets,Chroma Treat,51.34,1775,False,,True,123.79,2.5173,0.87032202,ECB daily reference rate,2026-09-22T09:50:57.936837+00:00
16,2.9045,StarPets,Turkey,58.09,2000,False,,True,136.19,2.5279,0.87032202,ECB daily reference rate,2026-09-22T09:50:57.936837+00:00
17,2.9328,StarPets,Chroma Sweet,50.59,1725,False,,True,121.09,2.5524,0.87032202,ECB daily reference rate,2026-09-22T09:50:57.936837+00:00
18,2.9382,LOLGA,Chroma Bauble,999.00,34000,False,,False,1635.97,2.5572,0.87032202,ECB daily reference rate,2026-09-22T09:50:57.936837+00:00
19,2.9786,StarPets,Waves,8.34,280,False,,True,19.69,2.5923,0.87032202,ECB daily reference rate,2026-09-22T09:50:57.936837+00:00
20,2.9825,StarPets,Ocean,8.50,285,False,,True,19.69,2.5957,0.87032202,ECB daily reference rate,2026-09-22T09:50:57.936837+00:00
21,3.0147,StarPets,Chroma Raygun,422.06,14000,False,,False,825.09,2.6238,0.87032202,ECB daily reference rate,2026-09-22T09:50:57.936837+00:00
22,3.0246,StarPets,Chroma Beachy,39.32,1300,False,,True,108.99,2.6324,0.87032202,ECB daily reference rate,2026-09-22T09:50:57.936837+00:00
23,3.0484,StarPets,Constellation,83.83,2750,False,,False,178.79,2.6531,0.87032202,ECB daily reference rate,2026-09-22T09:50:57.936837+00:00
24,3.0504,StarPets,Bauble,20.59,675,False,,True,46.79,2.6548,0.87032202,ECB daily reference rate,2026-09-22T09:50:57.936837+00:00
25,3.0564,StarPets,Evergreen,76.41,2500,False,,True,191.99,2.6601,0.87032202,ECB daily reference rate,2026-09-22T09:50:57.936837+00:00
26,3.0712,LOLGA,C. Vampire's Gun,890.64,29000,False,,False,890.64,2.6729,0.87032202,ECB daily reference rate,2026-09-22T09:50:57.936837+00:00
27,3.0831,StarPets,Chroma Watergun,80.16,2600,False,,False,177.54,2.6833,0.87032202,ECB daily reference rate,2026-09-22T09:50:57.936837+00:00
28,3.0977,StarPets,Raygun,61.18,1975,False,,False,100.39,2.6960,0.87032202,ECB daily reference rate,2026-09-22T09:50:57.936837+00:00
29,3.1245,StarPets,Darksword,55.46,1775,False,,False,110.09,2.7193,0.87032202,ECB daily reference rate,2026-09-22T09:50:57.936837+00:00
30,3.1277,StarPets,Celestial,73.50,2350,False,,False,149.80,2.7221,0.87032202,ECB daily reference rate,2026-09-22T09:50:57.936837+00:00
31,3.1341,StarPets,C. Constellation,971.56,31000,False,,False,999.00,2.7276,0.87032202,ECB daily reference rate,2026-09-22T09:50:57.936837+00:00
32,3.1470,StarPets,Chroma Sunset,228.16,7250,False,,False,351.88,2.7389,0.87032202,ECB daily reference rate,2026-09-22T09:50:57.936837+00:00
33,3.1562,StarPets,Chroma Slasher,1.01,32,False,,True,3.09,2.7470,0.87032202,ECB daily reference rate,2026-09-22T09:50:57.936837+00:00
34,3.1677,StarPets,Sunset,20.59,650,False,,True,51.49,2.7569,0.87032202,ECB daily reference rate,2026-09-22T09:50:57.936837+00:00
35,3.1738,StarPets,Blizzard,9.68,305,False,,False,14.99,2.7622,0.87032202,ECB daily reference rate,2026-09-22T09:50:57.936837+00:00
36,3.2071,StarPets,Australis,4.49,140,False,,False,9.69,2.7912,0.87032202,ECB daily reference rate,2026-09-22T09:50:57.936837+00:00
37,3.2074,StarPets,Chroma Evergun,1828.24,57000,False,,False,3630.09,2.7915,0.87032202,ECB daily reference rate,2026-09-22T09:50:57.936837+00:00
38,3.2087,StarPets,Chroma Blizzard,176.48,5500,False,,False,275.09,2.7926,0.87032202,ECB daily reference rate,2026-09-22T09:50:57.936837+00:00
39,3.2143,LOLGA,Chroma Raygun,450.00,14000,False,,False,825.09,2.7975,0.87032202,ECB daily reference rate,2026-09-22T09:50:57.936837+00:00
40,3.2172,StarPets,Chroma Bauble,1093.85,34000,False,,False,1635.97,2.8000,0.87032202,ECB daily reference rate,2026-09-22T09:50:57.936837+00:00
41,3.2226,LOLGA,C. Constellation,999.00,31000,False,,False,999.00,2.8047,0.87032202,ECB daily reference rate,2026-09-22T09:50:57.936837+00:00
42,3.2257,StarPets,Chroma Snowcannon,249.99,7750,False,,False,426.29,2.8074,0.87032202,ECB daily reference rate,2026-09-22T09:50:57.936837+00:00
43,3.2281,StarPets,Snowcannon,21.79,675,False,,False,46.79,2.8095,0.87032202,ECB daily reference rate,2026-09-22T09:50:57.936837+00:00
44,3.2428,StarPets,Darkshot,58.37,1800,False,,False,110.09,2.8223,0.87032202,ECB daily reference rate,2026-09-22T09:50:57.936837+00:00
45,3.2558,LOLGA,Chroma Sunrise,350.00,10750,False,,False,513.30,2.8336,0.87032202,ECB daily reference rate,2026-09-22T09:50:57.936837+00:00
46,3.2667,StarPets,Iceflake,0.49,15,False,,True,1.69,2.8431,0.87032202,ECB daily reference rate,2026-09-22T09:50:57.936837+00:00
47,3.2941,StarPets,Ornament,2.80,85,False,,True,7.19,2.8669,0.87032202,ECB daily reference rate,2026-09-22T09:50:57.936837+00:00
48,3.3013,StarPets,Chroma Snow Dagger,77.58,2350,False,,False,166.44,2.8732,0.87032202,ECB daily reference rate,2026-09-22T09:50:57.936837+00:00
49,3.3077,StarPets,Virtual,0.43,13,False,,True,1.54,2.8788,0.87032202,ECB daily reference rate,2026-09-22T09:50:57.936837+00:00
50,3.3161,StarPets,Icecream,5.14,155,False,,True,12.74,2.8861,0.87032202,ECB daily reference rate,2026-09-22T09:50:57.936837+00:00
51,3.3292,LOLGA,Chroma Alienbeam,799.00,24000,False,,False,1292.59,2.8974,0.87032202,ECB daily reference rate,2026-09-22T09:50:57.936837+00:00
52,3.3332,LOLGA,Chroma Snow Dagger,78.33,2350,False,,False,166.44,2.9009,0.87032202,ECB daily reference rate,2026-09-22T09:50:57.936837+00:00
53,3.3334,LOLGA,Chroma Sunset,241.67,7250,False,,False,351.88,2.9011,0.87032202,ECB daily reference rate,2026-09-22T09:50:57.936837+00:00
54,3.3334,LOLGA,Chroma Snowstorm,141.67,4250,False,,False,236.04,2.9011,0.87032202,ECB daily reference rate,2026-09-22T09:50:57.936837+00:00
55,3.3400,StarPets,Sands,3.34,100,False,,True,9.14,2.9069,0.87032202,ECB daily reference rate,2026-09-22T09:50:57.936837+00:00
56,3.3458,LOLGA,Chroma Watergun,86.99,2600,False,,False,177.54,2.9119,0.87032202,ECB daily reference rate,2026-09-22T09:50:57.936837+00:00
57,3.3588,StarPets,Heart Wand,11.42,340,False,,True,26.49,2.9233,0.87032202,ECB daily reference rate,2026-09-22T09:50:57.936837+00:00
58,3.3636,StarPets,Candleflame,1.11,33,False,,True,3.09,2.9274,0.87032202,ECB daily reference rate,2026-09-22T09:50:57.936837+00:00
59,3.3646,LOLGA,Gingerscope,538.33,16000,False,,False,786.79,2.9283,0.87032202,ECB daily reference rate,2026-09-22T09:50:57.936837+00:00
60,3.4000,StarPets,Spirit,21.93,645,False,,False,43.14,2.9591,0.87032202,ECB daily reference rate,2026-09-22T09:50:57.936837+00:00
61,3.4118,LOLGA,Chroma Heart Wand,145.00,4250,False,,False,251.14,2.9693,0.87032202,ECB daily reference rate,2026-09-22T09:50:57.936837+00:00
62,3.4133,StarPets,Traveler's Axe,276.48,8100,False,,False,544.59,2.9707,0.87032202,ECB daily reference rate,2026-09-22T09:50:57.936837+00:00
63,3.4414,StarPets,Borealis,4.99,145,False,,False,8.99,2.9951,0.87032202,ECB daily reference rate,2026-09-22T09:50:57.936837+00:00
64,3.4615,StarPets,Eternalcane,0.45,13,False,,True,1.69,3.0127,0.87032202,ECB daily reference rate,2026-09-22T09:50:57.936837+00:00
65,3.4615,StarPets,Gingerblade,0.45,13,False,,True,1.29,3.0127,0.87032202,ECB daily reference rate,2026-09-22T09:50:57.936837+00:00
66,3.4852,StarPets,Chroma Sands,47.05,1350,False,,True,111.99,3.0332,0.87032202,ECB daily reference rate,2026-09-22T09:50:57.936837+00:00
67,3.5143,StarPets,Chroma Deathshard,1.23,35,False,,True,2.79,3.0586,0.87032202,ECB daily reference rate,2026-09-22T09:50:57.936837+00:00
68,3.5213,StarPets,Snowstorm,10.74,305,False,,False,17.30,3.0647,0.87032202,ECB daily reference rate,2026-09-22T09:50:57.936837+00:00
69,3.5320,StarPets,Harvester,8.83,250,False,,True,19.69,3.0740,0.87032202,ECB daily reference rate,2026-09-22T09:50:57.936837+00:00
70,3.5438,LOLGA,Raygun,69.99,1975,False,,False,100.39,3.0842,0.87032202,ECB daily reference rate,2026-09-22T09:50:57.936837+00:00
71,3.5484,LOLGA,Chroma Snowcannon,275.00,7750,False,,False,426.29,3.0882,0.87032202,ECB daily reference rate,2026-09-22T09:50:57.936837+00:00
72,3.5583,StarPets,Bat,4.27,120,False,,True,9.99,3.0969,0.87032202,ECB daily reference rate,2026-09-22T09:50:57.936837+00:00
73,3.5698,StarPets,Flowerwood Gun,9.46,265,False,,False,19.69,3.1069,0.87032202,ECB daily reference rate,2026-09-22T09:50:57.936837+00:00
74,3.5875,StarPets,Pearlshine,2.87,80,False,,False,5.59,3.1223,0.87032202,ECB daily reference rate,2026-09-22T09:50:57.936837+00:00
75,3.5878,StarPets,Rainbow,14.71,410,False,,False,30.29,3.1225,0.87032202,ECB daily reference rate,2026-09-22T09:50:57.936837+00:00
76,3.5908,StarPets,Soul,23.52,655,False,,False,42.77,3.1252,0.87032202,ECB daily reference rate,2026-09-22T09:50:57.936837+00:00
77,3.6000,StarPets,Clockwork,0.36,10,False,,True,1.29,3.1332,0.87032202,ECB daily reference rate,2026-09-22T09:50:57.936837+00:00
78,3.6000,StarPets,Frostsaber,0.36,10,False,,True,1.29,3.1332,0.87032202,ECB daily reference rate,2026-09-22T09:50:57.936837+00:00
79,3.6048,StarPets,Rainbow Gun,15.14,420,False,,False,30.29,3.1373,0.87032202,ECB daily reference rate,2026-09-22T09:50:57.936837+00:00
80,3.6061,StarPets,Elderwood Blade,1.19,33,False,,True,3.09,3.1384,0.87032202,ECB daily reference rate,2026-09-22T09:50:57.936837+00:00
81,3.6247,StarPets,Xenoknife,14.68,405,False,,False,29.77,3.1546,0.87032202,ECB daily reference rate,2026-09-22T09:50:57.936837+00:00
82,3.6247,StarPets,Xenoshot,14.68,405,False,,False,29.77,3.1546,0.87032202,ECB daily reference rate,2026-09-22T09:50:57.936837+00:00
83,3.6336,StarPets,Chroma Snowstorm,154.43,4250,False,,False,236.04,3.1624,0.87032202,ECB daily reference rate,2026-09-22T09:50:57.936837+00:00
84,3.6360,LOLGA,Constellation,99.99,2750,False,,False,178.79,3.1645,0.87032202,ECB daily reference rate,2026-09-22T09:50:57.936837+00:00
85,3.6400,StarPets,Pearl,2.73,75,False,,False,5.59,3.1680,0.87032202,ECB daily reference rate,2026-09-22T09:50:57.936837+00:00
86,3.6571,StarPets,Red Luger,1.28,35,False,,False,2.79,3.1829,0.87032202,ECB daily reference rate,2026-09-22T09:50:57.936837+00:00
87,3.6579,StarPets,Swirly Axe,1.39,38,False,,False,2.94,3.1835,0.87032202,ECB daily reference rate,2026-09-22T09:50:57.936837+00:00
88,3.6769,StarPets,Flowerwood,9.56,260,False,,False,19.69,3.2001,0.87032202,ECB daily reference rate,2026-09-22T09:50:57.936837+00:00
89,3.7029,StarPets,Snow Dagger,6.48,175,False,,True,15.94,3.2227,0.87032202,ECB daily reference rate,2026-09-22T09:50:57.936837+00:00
90,3.7235,StarPets,Watergun,6.33,170,False,,True,15.19,3.2407,0.87032202,ECB daily reference rate,2026-09-22T09:50:57.936837+00:00
91,3.7400,StarPets,Beachy,3.74,100,False,,True,9.99,3.2550,0.87032202,ECB daily reference rate,2026-09-22T09:50:57.936837+00:00
92,3.7494,LOLGA,Vampire's Axe,59.99,1600,False,,False,91.42,3.2632,0.87032202,ECB daily reference rate,2026-09-22T09:50:57.936837+00:00
93,3.7500,StarPets,Swirly Blade,0.45,12,False,,True,1.54,3.2637,0.87032202,ECB daily reference rate,2026-09-22T09:50:57.936837+00:00
94,3.7700,StarPets,Bloom,15.08,400,False,,False,30.34,3.2811,0.87032202,ECB daily reference rate,2026-09-22T09:50:57.936837+00:00
95,3.7778,StarPets,Chroma Gingerblade,1.02,27,False,,True,3.09,3.2879,0.87032202,ECB daily reference rate,2026-09-22T09:50:57.936837+00:00
96,3.8255,LOLGA,Chroma Sweet,65.99,1725,False,,False,121.09,3.3294,0.87032202,ECB daily reference rate,2026-09-22T09:50:57.936837+00:00
97,3.8294,LOLGA,Celestial,89.99,2350,False,,False,149.80,3.3328,0.87032202,ECB daily reference rate,2026-09-22T09:50:57.936837+00:00
98,3.8390,StarPets,Flora,15.74,410,False,,False,26.29,3.3412,0.87032202,ECB daily reference rate,2026-09-22T09:50:57.936837+00:00
99,3.8883,LOLGA,Chroma Icecream,69.99,1800,False,,False,133.39,3.3841,0.87032202,ECB daily reference rate,2026-09-22T09:50:57.936837+00:00
100,3.9020,LOLGA,Alienbeam,79.99,2050,False,,False,127.14,3.3960,0.87032202,ECB daily reference rate,2026-09-22T09:50:57.936837+00:00
101,3.9259,StarPets,Chroma Tides,1.06,27,False,,True,3.09,3.4168,0.87032202,ECB daily reference rate,2026-09-22T09:50:57.936837+00:00
102,3.9267,StarPets,Sweet,5.89,150,False,,False,12.89,3.4175,0.87032202,ECB daily reference rate,2026-09-22T09:50:57.936837+00:00
103,3.9395,LOLGA,Chroma Blizzard,216.67,5500,False,,False,275.09,3.4286,0.87032202,ECB daily reference rate,2026-09-22T09:50:57.936837+00:00
104,3.9431,LOLGA,Chroma Treat,69.99,1775,False,,False,123.79,3.4318,0.87032202,ECB daily reference rate,2026-09-22T09:50:57.936837+00:00
105,3.9431,LOLGA,Vampire's Gun,69.99,1775,False,,False,123.79,3.4318,0.87032202,ECB daily reference rate,2026-09-22T09:50:57.936837+00:00
106,4.0000,StarPets,Jinglegun,0.52,13,False,,True,1.74,3.4813,0.87032202,ECB daily reference rate,2026-09-22T09:50:57.936837+00:00
107,4.0000,StarPets,Slasher,0.60,15,False,,True,1.84,3.4813,0.87032202,ECB daily reference rate,2026-09-22T09:50:57.936837+00:00
108,4.0000,StarPets,Phantom,1.40,35,False,,True,3.39,3.4813,0.87032202,ECB daily reference rate,2026-09-22T09:50:57.936837+00:00
109,4.0581,StarPets,Treat,6.29,155,False,,False,13.04,3.5318,0.87032202,ECB daily reference rate,2026-09-22T09:50:57.936837+00:00
110,4.0769,StarPets,Icebreaker,2.65,65,False,,False,4.29,3.5482,0.87032202,ECB daily reference rate,2026-09-22T09:50:57.936837+00:00
111,4.1000,StarPets,Chill,0.41,10,False,,True,1.29,3.5683,0.87032202,ECB daily reference rate,2026-09-22T09:50:57.936837+00:00
112,4.1096,LOLGA,Chroma Ornament,75.00,1825,False,,False,136.19,3.5767,0.87032202,ECB daily reference rate,2026-09-22T09:50:57.936837+00:00
113,4.1313,StarPets,Icepiercer,6.61,160,False,,False,14.29,3.5955,0.87032202,ECB daily reference rate,2026-09-22T09:50:57.936837+00:00
114,4.1562,StarPets,Chroma Fang,1.33,32,False,,True,3.09,3.6173,0.87032202,ECB daily reference rate,2026-09-22T09:50:57.936837+00:00
115,4.1765,StarPets,Blaster,0.71,17,False,,True,1.84,3.6349,0.87032202,ECB daily reference rate,2026-09-22T09:50:57.936837+00:00
116,4.2121,LOLGA,Makeshift,1.39,33,False,,False,2.70,3.6659,0.87032202,ECB daily reference rate,2026-09-22T09:50:57.936837+00:00
117,4.2298,LOLGA,Sunrise,45.47,1075,False,,False,65.69,3.6813,0.87032202,ECB daily reference rate,2026-09-22T09:50:57.936837+00:00
118,4.2999,Bloxxer,Gingerscope,687.99,16000,False,,False,786.79,3.7423,0.87032202,ECB daily reference rate,2026-09-22T09:50:57.936837+00:00
119,4.3000,StarPets,Fang,0.43,10,False,,True,2.00,3.7424,0.87032202,ECB daily reference rate,2026-09-22T09:50:57.936837+00:00
120,4.3000,StarPets,Spider,0.43,10,False,,True,1.69,3.7424,0.87032202,ECB daily reference rate,2026-09-22T09:50:57.936837+00:00
121,4.3043,StarPets,Green Luger,0.99,23,False,,True,2.74,3.7462,0.87032202,ECB daily reference rate,2026-09-22T09:50:57.936837+00:00
122,4.3182,StarPets,Chroma Boneblade,0.95,22,False,,True,3.09,3.7582,0.87032202,ECB daily reference rate,2026-09-22T09:50:57.936837+00:00
123,4.3214,StarPets,Chroma Seer,1.21,28,False,,False,1.99,3.7610,0.87032202,ECB daily reference rate,2026-09-22T09:50:57.936837+00:00
124,4.3231,StarPets,Chroma Darkbringer,2.81,65,False,,False,4.99,3.7625,0.87032202,ECB daily reference rate,2026-09-22T09:50:57.936837+00:00
125,4.3836,StarPets,Chroma Ornament,80.00,1825,False,,False,136.19,3.8151,0.87032202,ECB daily reference rate,2026-09-22T09:50:57.936837+00:00
126,4.3875,StarPets,Chroma Alienbeam,1053.00,24000,False,,False,1292.59,3.8185,0.87032202,ECB daily reference rate,2026-09-22T09:50:57.936837+00:00
127,4.3939,StarPets,Makeshift,1.45,33,False,,False,2.70,3.8241,0.87032202,ECB daily reference rate,2026-09-22T09:50:57.936837+00:00
128,4.3960,LOLGA,Harvester,10.99,250,False,,False,19.69,3.8259,0.87032202,ECB daily reference rate,2026-09-22T09:50:57.936837+00:00
129,4.4286,StarPets,Saw,0.31,7,False,,True,1.49,3.8543,0.87032202,ECB daily reference rate,2026-09-22T09:50:57.936837+00:00
130,4.4324,StarPets,C. Elderwood Blade,1.64,37,False,,True,3.84,3.8576,0.87032202,ECB daily reference rate,2026-09-22T09:50:57.936837+00:00
131,4.4348,StarPets,Chroma Saw,1.02,23,False,,True,2.49,3.8597,0.87032202,ECB daily reference rate,2026-09-22T09:50:57.936837+00:00
132,4.4375,StarPets,Lightbringer,1.42,32,False,,True,3.69,3.8621,0.87032202,ECB daily reference rate,2026-09-22T09:50:57.936837+00:00
133,4.4848,StarPets,Iceblaster,1.48,33,False,,False,3.09,3.9033,0.87032202,ECB daily reference rate,2026-09-22T09:50:57.936837+00:00
134,4.5000,StarPets,Logchopper,0.81,18,False,,True,1.99,3.9164,0.87032202,ECB daily reference rate,2026-09-22T09:50:57.936837+00:00
135,4.5294,StarPets,Ginger Luger,0.77,17,False,,True,1.99,3.9420,0.87032202,ECB daily reference rate,2026-09-22T09:50:57.936837+00:00
136,4.5333,StarPets,Hallowscythe,1.36,30,False,,False,2.79,3.9455,0.87032202,ECB daily reference rate,2026-09-22T09:50:57.936837+00:00
137,4.5452,Bloxxer,Rainbow Gun,19.09,420,False,,False,30.29,3.9558,0.87032202,ECB daily reference rate,2026-09-22T09:50:57.936837+00:00
138,4.5528,Bloxxer,Darkshot,81.95,1800,False,,False,110.09,3.9624,0.87032202,ECB daily reference rate,2026-09-22T09:50:57.936837+00:00
139,4.5574,LOLGA,Snowstorm,13.90,305,False,,False,17.30,3.9664,0.87032202,ECB daily reference rate,2026-09-22T09:50:57.936837+00:00
140,4.5846,StarPets,Heartblade,2.98,65,False,,False,5.49,3.9901,0.87032202,ECB daily reference rate,2026-09-22T09:50:57.936837+00:00
141,4.6000,StarPets,Chroma Candleflame,1.84,40,False,,False,2.99,4.0035,0.87032202,ECB daily reference rate,2026-09-22T09:50:57.936837+00:00
142,4.6000,StarPets,Candy,3.68,80,False,,False,7.59,4.0035,0.87032202,ECB daily reference rate,2026-09-22T09:50:57.936837+00:00
143,4.6154,StarPets,Minty,0.60,13,False,,True,1.99,4.0169,0.87032202,ECB daily reference rate,2026-09-22T09:50:57.936837+00:00
144,4.6250,StarPets,Chroma Gemstone,1.48,32,False,,True,3.69,4.0252,0.87032202,ECB daily reference rate,2026-09-22T09:50:57.936837+00:00
145,4.6333,StarPets,Chroma Lightbringer,2.78,60,False,,False,4.99,4.0325,0.87032202,ECB daily reference rate,2026-09-22T09:50:57.936837+00:00
146,4.6561,Bloxxer,Rainbow,19.09,410,False,,False,30.29,4.0523,0.87032202,ECB daily reference rate,2026-09-22T09:50:57.936837+00:00
147,4.6579,StarPets,Elderwood Scythe,1.77,38,False,,False,3.69,4.0539,0.87032202,ECB daily reference rate,2026-09-22T09:50:57.936837+00:00
148,4.6941,LOLGA,Ornament,3.99,85,False,,False,7.19,4.0854,0.87032202,ECB daily reference rate,2026-09-22T09:50:57.936837+00:00
149,4.7044,Bloxxer,Blossom,64.45,1370,False,,False,82.59,4.0943,0.87032202,ECB daily reference rate,2026-09-22T09:50:57.936837+00:00
150,4.7059,StarPets,Pixel,0.80,17,False,,True,1.99,4.0956,0.87032202,ECB daily reference rate,2026-09-22T09:50:57.936837+00:00
151,4.7143,StarPets,Pumpking,0.33,7,False,,True,1.19,4.1029,0.87032202,ECB daily reference rate,2026-09-22T09:50:57.936837+00:00
152,4.7333,StarPets,Old Glory,0.71,15,False,,True,1.99,4.1195,0.87032202,ECB daily reference rate,2026-09-22T09:50:57.936837+00:00
153,4.7400,StarPets,Chroma Luger,2.37,50,False,,False,4.49,4.1253,0.87032202,ECB daily reference rate,2026-09-22T09:50:57.936837+00:00
154,4.7500,StarPets,Sugar,1.52,32,False,,False,2.79,4.1340,0.87032202,ECB daily reference rate,2026-09-22T09:50:57.936837+00:00
155,4.7586,LOLGA,Borealis,6.90,145,False,,False,8.99,4.1415,0.87032202,ECB daily reference rate,2026-09-22T09:50:57.936837+00:00
156,4.7692,StarPets,Lugercane,0.62,13,False,,True,1.99,4.1508,0.87032202,ECB daily reference rate,2026-09-22T09:50:57.936837+00:00
157,4.8000,StarPets,Shark,0.96,20,False,,False,1.99,4.1775,0.87032202,ECB daily reference rate,2026-09-22T09:50:57.936837+00:00
158,4.8047,LOLGA,Spirit,30.99,645,False,,False,43.14,4.1816,0.87032202,ECB daily reference rate,2026-09-22T09:50:57.936837+00:00
159,4.8182,StarPets,Darkbringer,1.59,33,False,,False,3.49,4.1934,0.87032202,ECB daily reference rate,2026-09-22T09:50:57.936837+00:00
160,4.8281,LOLGA,Snowcannon,32.59,675,False,,False,46.79,4.2020,0.87032202,ECB daily reference rate,2026-09-22T09:50:57.936837+00:00
161,4.8537,LOLGA,Flora,19.90,410,False,,False,26.29,4.2242,0.87032202,ECB daily reference rate,2026-09-22T09:50:57.936837+00:00
162,4.8750,StarPets,Eternal III,0.39,8,False,,True,1.29,4.2428,0.87032202,ECB daily reference rate,2026-09-22T09:50:57.936837+00:00
163,4.8750,StarPets,Ghost,0.39,8,False,,True,1.54,4.2428,0.87032202,ECB daily reference rate,2026-09-22T09:50:57.936837+00:00
164,4.8840,LOLGA,Soul,31.99,655,False,,False,42.77,4.2506,0.87032202,ECB daily reference rate,2026-09-22T09:50:57.936837+00:00
165,4.8971,Bloxxer,Evergun,168.95,3450,False,,False,198.09,4.2621,0.87032202,ECB daily reference rate,2026-09-22T09:50:57.936837+00:00
166,4.9148,LOLGA,Blizzard,14.99,305,False,,False,14.99,4.2774,0.87032202,ECB daily reference rate,2026-09-22T09:50:57.936837+00:00
167,4.9257,Bloxxer,Sakura,66.99,1360,False,,False,82.59,4.2870,0.87032202,ECB daily reference rate,2026-09-22T09:50:57.936837+00:00
168,4.9358,LOLGA,Xenoknife,19.99,405,False,,False,29.77,4.2957,0.87032202,ECB daily reference rate,2026-09-22T09:50:57.936837+00:00
169,4.9358,LOLGA,Xenoshot,19.99,405,False,,False,29.77,4.2957,0.87032202,ECB daily reference rate,2026-09-22T09:50:57.936837+00:00
170,4.9444,StarPets,Icebeam,0.89,18,False,,True,2.29,4.3033,0.87032202,ECB daily reference rate,2026-09-22T09:50:57.936837+00:00
171,4.9444,BuyBlox,Swirly Gun,0.89,18,False,,False,0.99,4.3033,0.87032202,ECB daily reference rate,2026-09-22T09:50:57.936837+00:00
172,4.9444,StarPets,Swirly Gun,0.89,18,False,,False,0.99,4.3033,0.87032202,ECB daily reference rate,2026-09-22T09:50:57.936837+00:00
173,4.9500,StarPets,Hallowgun,0.99,20,False,,False,2.19,4.3081,0.87032202,ECB daily reference rate,2026-09-22T09:50:57.936837+00:00
174,4.9500,LOLGA,Bloom,19.80,400,False,,False,30.34,4.3081,0.87032202,ECB daily reference rate,2026-09-22T09:50:57.936837+00:00
175,4.9643,StarPets,Chroma Heat,1.39,28,False,,True,3.09,4.3205,0.87032202,ECB daily reference rate,2026-09-22T09:50:57.936837+00:00
176,4.9714,StarPets,Spectre,1.74,35,False,,False,3.39,4.3267,0.87032202,ECB daily reference rate,2026-09-22T09:50:57.936837+00:00
177,4.9929,LOLGA,Australis,6.99,140,False,,False,9.69,4.3454,0.87032202,ECB daily reference rate,2026-09-22T09:50:57.936837+00:00
178,5.0000,StarPets,Blood,0.40,8,False,,True,1.69,4.3516,0.87032202,ECB daily reference rate,2026-09-22T09:50:57.936837+00:00
179,5.0000,StarPets,Tides,0.50,10,False,,True,1.39,4.3516,0.87032202,ECB daily reference rate,2026-09-22T09:50:57.936837+00:00
180,5.0016,BuyBlox,Chroma Blizzard,275.09,5500,False,,False,275.09,4.3530,0.87032202,ECB daily reference rate,2026-09-22T09:50:57.936837+00:00
181,5.0455,StarPets,Laser,1.11,22,False,,False,2.39,4.3912,0.87032202,ECB daily reference rate,2026-09-22T09:50:57.936837+00:00
182,5.0476,StarPets,Batwing,2.12,42,False,,True,5.04,4.3931,0.87032202,ECB daily reference rate,2026-09-22T09:50:57.936837+00:00
183,5.0492,BuyBlox,Chroma Snowstorm,214.59,4250,False,,False,236.04,4.3944,0.87032202,ECB daily reference rate,2026-09-22T09:50:57.936837+00:00
184,5.0830,BuyBlox,Raygun,100.39,1975,False,,False,100.39,4.4239,0.87032202,ECB daily reference rate,2026-09-22T09:50:57.936837+00:00
185,5.0833,StarPets,Gingermint,0.61,12,False,,True,1.54,4.4241,0.87032202,ECB daily reference rate,2026-09-22T09:50:57.936837+00:00
186,5.0857,StarPets,Chroma Swirly Gun,1.78,35,False,,False,3.39,4.4262,0.87032202,ECB daily reference rate,2026-09-22T09:50:57.936837+00:00
187,5.1212,LOLGA,Elderwood Blade,1.69,33,False,,False,3.09,4.4571,0.87032202,ECB daily reference rate,2026-09-22T09:50:57.936837+00:00
188,5.1429,StarPets,Boneblade,0.36,7,False,,True,1.49,4.4759,0.87032202,ECB daily reference rate,2026-09-22T09:50:57.936837+00:00
189,5.1429,StarPets,Eternal II,0.36,7,False,,True,1.29,4.4759,0.87032202,ECB daily reference rate,2026-09-22T09:50:57.936837+00:00
190,5.1548,LOLGA,Icecream,7.99,155,False,,False,12.74,4.4864,0.87032202,ECB daily reference rate,2026-09-22T09:50:57.936837+00:00
191,5.1562,StarPets,Chroma Cookiecane,1.65,32,False,,True,3.99,4.4876,0.87032202,ECB daily reference rate,2026-09-22T09:50:57.936837+00:00
192,5.1803,Bloxxer,Darksword,91.95,1775,False,,False,110.09,4.5085,0.87032202,ECB daily reference rate,2026-09-22T09:50:57.936837+00:00
193,5.2000,StarPets,Heat,0.52,10,False,,True,1.49,4.5257,0.87032202,ECB daily reference rate,2026-09-22T09:50:57.936837+00:00
194,5.2000,StarPets,Plasmablade,0.78,15,False,,True,2.19,4.5257,0.87032202,ECB daily reference rate,2026-09-22T09:50:57.936837+00:00
195,5.2029,LOLGA,Heart Wand,17.69,340,False,,False,26.49,4.5282,0.87032202,ECB daily reference rate,2026-09-22T09:50:57.936837+00:00
196,5.2294,LOLGA,Watergun,8.89,170,False,,False,15.19,4.5513,0.87032202,ECB daily reference rate,2026-09-22T09:50:57.936837+00:00
197,5.2353,LOLGA,Battleaxe II,0.89,17,False,,True,1.99,4.5564,0.87032202,ECB daily reference rate,2026-09-22T09:50:57.936837+00:00
198,5.2368,LOLGA,Swirly Axe,1.99,38,False,,False,2.94,4.5577,0.87032202,ECB daily reference rate,2026-09-22T09:50:57.936837+00:00
199,5.2778,StarPets,Plasmabeam,0.95,18,False,,False,2.00,4.5934,0.87032202,ECB daily reference rate,2026-09-22T09:50:57.936837+00:00
200,5.2812,LOLGA,Lightbringer,1.69,32,False,,False,3.69,4.5964,0.87032202,ECB daily reference rate,2026-09-22T09:50:57.936837+00:00
201,5.3636,StarPets,Elderwood Revolver,1.77,33,False,,False,3.39,4.6681,0.87032202,ECB daily reference rate,2026-09-22T09:50:57.936837+00:00
202,5.3715,BuyBlox,Chroma Heart Wand,228.29,4250,False,,False,251.14,4.6750,0.87032202,ECB daily reference rate,2026-09-22T09:50:57.936837+00:00
203,5.3750,StarPets,Hallow's Edge,0.43,8,False,,True,1.54,4.6780,0.87032202,ECB daily reference rate,2026-09-22T09:50:57.936837+00:00
204,5.3750,StarPets,Handsaw,0.43,8,False,,True,1.39,4.6780,0.87032202,ECB daily reference rate,2026-09-22T09:50:57.936837+00:00
205,5.3858,BuyBlox,Chroma Alienbeam,1292.59,24000,False,,False,1292.59,4.6874,0.87032202,ECB daily reference rate,2026-09-22T09:50:57.936837+00:00
206,5.4091,StarPets,Amerilaser,1.19,22,False,,False,2.64,4.7077,0.87032202,ECB daily reference rate,2026-09-22T09:50:57.936837+00:00
207,5.4242,LOLGA,Candleflame,1.79,33,False,,False,3.09,4.7208,0.87032202,ECB daily reference rate,2026-09-22T09:50:57.936837+00:00
208,5.4375,StarPets,Chroma Shark,1.74,32,False,,False,2.94,4.7324,0.87032202,ECB daily reference rate,2026-09-22T09:50:57.936837+00:00
209,5.4444,StarPets,Luger,0.98,18,False,,True,2.19,4.7384,0.87032202,ECB daily reference rate,2026-09-22T09:50:57.936837+00:00
210,5.4615,StarPets,Deathshard,0.71,13,False,,True,1.99,4.7533,0.87032202,ECB daily reference rate,2026-09-22T09:50:57.936837+00:00
211,5.4706,StarPets,Battleaxe II,0.93,17,False,,False,1.99,4.7612,0.87032202,ECB daily reference rate,2026-09-22T09:50:57.936837+00:00
212,5.4800,LOLGA,Bauble,36.99,675,False,,False,46.79,4.7694,0.87032202,ECB daily reference rate,2026-09-22T09:50:57.936837+00:00
213,5.5000,MM2Store,Swirly Gun,0.99,18,False,,False,0.99,4.7868,0.87032202,ECB daily reference rate,2026-09-22T09:50:57.936837+00:00
214,5.5000,LOLGA,Pearlshine,4.40,80,False,,False,5.59,4.7868,0.87032202,ECB daily reference rate,2026-09-22T09:50:57.936837+00:00
215,5.5005,BuyBlox,Chroma Snowcannon,426.29,7750,False,,False,426.29,4.7872,0.87032202,ECB daily reference rate,2026-09-22T09:50:57.936837+00:00
216,5.5208,LOLGA,Flowerwood Gun,14.63,265,False,,False,19.69,4.8048,0.87032202,ECB daily reference rate,2026-09-22T09:50:57.936837+00:00
217,5.5231,LOLGA,Chroma Darkbringer,3.59,65,False,,False,4.99,4.8069,0.87032202,ECB daily reference rate,2026-09-22T09:50:57.936837+00:00
218,5.5250,StarPets,Chroma Laser,2.21,40,False,,False,4.69,4.8085,0.87032202,ECB daily reference rate,2026-09-22T09:50:57.936837+00:00
219,5.5333,StarPets,Gemstone,0.83,15,False,,True,1.99,4.8158,0.87032202,ECB daily reference rate,2026-09-22T09:50:57.936837+00:00
220,5.5349,BuyBlox,Gingerscope,885.59,16000,False,,False,786.79,4.8172,0.87032202,ECB daily reference rate,2026-09-22T09:50:57.936837+00:00
221,5.5667,LOLGA,Bat,6.68,120,False,,False,9.99,4.8448,0.87032202,ECB daily reference rate,2026-09-22T09:50:57.936837+00:00
222,5.5714,StarPets,Ghostblade,0.39,7,False,,True,1.49,4.8489,0.87032202,ECB daily reference rate,2026-09-22T09:50:57.936837+00:00
223,5.5714,StarPets,Ice Dragon,0.39,7,False,,True,1.39,4.8489,0.87032202,ECB daily reference rate,2026-09-22T09:50:57.936837+00:00
224,5.5731,LOLGA,Flowerwood,14.49,260,False,,False,19.69,4.8504,0.87032202,ECB daily reference rate,2026-09-22T09:50:57.936837+00:00
225,5.5781,Bloxxer,Vampire's Axe,89.25,1600,False,,False,91.42,4.8548,0.87032202,ECB daily reference rate,2026-09-22T09:50:57.936837+00:00
226,5.5800,LOLGA,Chroma Luger,2.79,50,False,,False,4.49,4.8564,0.87032202,ECB daily reference rate,2026-09-22T09:50:57.936837+00:00
227,5.6023,BuyBlox,Traveler's Axe,453.79,8100,False,,False,544.59,4.8758,0.87032202,ECB daily reference rate,2026-09-22T09:50:57.936837+00:00
228,5.6385,BuyBlox,Alienbeam,115.59,2050,False,,False,127.14,4.9073,0.87032202,ECB daily reference rate,2026-09-22T09:50:57.936837+00:00
229,5.6857,LOLGA,Red Luger,1.99,35,False,,False,2.79,4.9484,0.87032202,ECB daily reference rate,2026-09-22T09:50:57.936837+00:00
230,5.7200,LOLGA,Pearl,4.29,75,False,,False,5.59,4.9782,0.87032202,ECB daily reference rate,2026-09-22T09:50:57.936837+00:00
231,5.7250,LOLGA,Chroma Laser,2.29,40,False,,False,4.69,4.9826,0.87032202,ECB daily reference rate,2026-09-22T09:50:57.936837+00:00
232,5.7273,LOLGA,Darkbringer,1.89,33,False,,False,3.49,4.9846,0.87032202,ECB daily reference rate,2026-09-22T09:50:57.936837+00:00
233,5.7417,BuyBlox,Evergun,198.09,3450,False,,False,198.09,4.9972,0.87032202,ECB daily reference rate,2026-09-22T09:50:57.936837+00:00
234,5.8494,BuyBlox,Vampire's Axe,93.59,1600,False,,False,91.42,5.0908,0.87032202,ECB daily reference rate,2026-09-22T09:50:57.936837+00:00
235,5.8935,BuyBlox,Chroma Raygun,825.09,14000,False,,False,825.09,5.1292,0.87032202,ECB daily reference rate,2026-09-22T09:50:57.936837+00:00
236,5.9231,StarPets,Cookiecane,0.77,13,False,,True,2.39,5.1550,0.87032202,ECB daily reference rate,2026-09-22T09:50:57.936837+00:00
237,5.9526,Bloxxer,Sunrise,63.99,1075,False,,False,65.69,5.1806,0.87032202,ECB daily reference rate,2026-09-22T09:50:57.936837+00:00
238,5.9574,Bloxxer,Celestial,140.00,2350,False,,False,149.80,5.1849,0.87032202,ECB daily reference rate,2026-09-22T09:50:57.936837+00:00
239,5.9833,LOLGA,Chroma Lightbringer,3.59,60,False,,False,4.99,5.2074,0.87032202,ECB daily reference rate,2026-09-22T09:50:57.936837+00:00
240,6.0000,StarPets,Prince,0.36,6,False,,True,1.39,5.2219,0.87032202,ECB daily reference rate,2026-09-22T09:50:57.936837+00:00
241,6.0000,StarPets,Eternal IV,0.48,8,False,,True,1.29,5.2219,0.87032202,ECB daily reference rate,2026-09-22T09:50:57.936837+00:00
242,6.0000,StarPets,Nebula,0.78,13,False,,False,1.59,5.2219,0.87032202,ECB daily reference rate,2026-09-22T09:50:57.936837+00:00
243,6.0016,MM2Store,Chroma Blizzard,330.09,5500,False,,False,275.09,5.2234,0.87032202,ECB daily reference rate,2026-09-22T09:50:57.936837+00:00
244,6.0285,BuyBlox,Blossom,82.59,1370,False,,False,82.59,5.2467,0.87032202,ECB daily reference rate,2026-09-22T09:50:57.936837+00:00
245,6.0586,MM2Store,Chroma Snowstorm,257.49,4250,False,,False,236.04,5.2729,0.87032202,ECB daily reference rate,2026-09-22T09:50:57.936837+00:00
246,6.0606,Bloxxer,Makeshift,2.00,33,False,,False,2.70,5.2747,0.87032202,ECB daily reference rate,2026-09-22T09:50:57.936837+00:00
247,6.0728,BuyBlox,Sakura,82.59,1360,False,,False,82.59,5.2853,0.87032202,ECB daily reference rate,2026-09-22T09:50:57.936837+00:00
248,6.0769,LOLGA,Eternalcane,0.79,13,False,,False,1.69,5.2889,0.87032202,ECB daily reference rate,2026-09-22T09:50:57.936837+00:00
249,6.0825,BuyBlox,Traveler's Gun,316.29,5200,False,,False,379.59,5.2937,0.87032202,ECB daily reference rate,2026-09-22T09:50:57.936837+00:00
250,6.0951,Bloxxer,Flora,24.99,410,False,,False,26.29,5.3047,0.87032202,ECB daily reference rate,2026-09-22T09:50:57.936837+00:00
251,6.1008,MM2Store,Raygun,120.49,1975,False,,False,100.39,5.3096,0.87032202,ECB daily reference rate,2026-09-22T09:50:57.936837+00:00
252,6.1161,BuyBlox,Darkshot,110.09,1800,False,,False,110.09,5.3230,0.87032202,ECB daily reference rate,2026-09-22T09:50:57.936837+00:00
253,6.1385,LOLGA,Heartblade,3.99,65,False,,False,5.49,5.3424,0.87032202,ECB daily reference rate,2026-09-22T09:50:57.936837+00:00
254,6.1429,StarPets,Ice Shard,0.43,7,False,,True,1.39,5.3463,0.87032202,ECB daily reference rate,2026-09-22T09:50:57.936837+00:00
255,6.1895,BuyBlox,Turkey,123.79,2000,False,,False,136.19,5.3869,0.87032202,ECB daily reference rate,2026-09-22T09:50:57.936837+00:00
256,6.2000,StarPets,Nightblade,1.24,20,False,,False,2.49,5.3960,0.87032202,ECB daily reference rate,2026-09-22T09:50:57.936837+00:00
257,6.2000,BuyBlox,Borealis,8.99,145,False,,False,8.99,5.3960,0.87032202,ECB daily reference rate,2026-09-22T09:50:57.936837+00:00
258,6.2023,BuyBlox,Darksword,110.09,1775,False,,False,110.09,5.3980,0.87032202,ECB daily reference rate,2026-09-22T09:50:57.936837+00:00
259,6.2688,BuyBlox,Sunrise,67.39,1075,False,,False,65.69,5.4559,0.87032202,ECB daily reference rate,2026-09-22T09:50:57.936837+00:00
260,6.2772,BuyBlox,Ocean,17.89,285,False,,False,19.69,5.4632,0.87032202,ECB daily reference rate,2026-09-22T09:50:57.936837+00:00
261,6.2939,MM2Store,Chroma Sunrise,676.59,10750,False,,False,513.30,5.4777,0.87032202,ECB daily reference rate,2026-09-22T09:50:57.936837+00:00
262,6.3038,BuyBlox,Soul,41.29,655,False,,False,42.77,5.4864,0.87032202,ECB daily reference rate,2026-09-22T09:50:57.936837+00:00
263,6.3496,BuyBlox,Chroma Watergun,165.09,2600,False,,False,177.54,5.5262,0.87032202,ECB daily reference rate,2026-09-22T09:50:57.936837+00:00
264,6.3529,Bloxxer,Chroma Snowstorm,270.00,4250,False,,False,236.04,5.5291,0.87032202,ECB daily reference rate,2026-09-22T09:50:57.936837+00:00
265,6.3686,MM2Store,Chroma Evergun,3630.09,57000,False,,False,3630.09,5.5427,0.87032202,ECB daily reference rate,2026-09-22T09:50:57.936837+00:00
266,6.3737,MM2Store,Chroma Sunset,462.09,7250,False,,False,351.88,5.5471,0.87032202,ECB daily reference rate,2026-09-22T09:50:57.936837+00:00
267,6.3820,BuyBlox,Chroma Sweet,110.09,1725,False,,False,121.09,5.5544,0.87032202,ECB daily reference rate,2026-09-22T09:50:57.936837+00:00
268,6.3893,BuyBlox,Waves,17.89,280,False,,False,19.69,5.5607,0.87032202,ECB daily reference rate,2026-09-22T09:50:57.936837+00:00
269,6.3933,LOLGA,Sweet,9.59,150,False,,False,12.89,5.5643,0.87032202,ECB daily reference rate,2026-09-22T09:50:57.936837+00:00
270,6.4016,BuyBlox,Spirit,41.29,645,False,,False,43.14,5.5714,0.87032202,ECB daily reference rate,2026-09-22T09:50:57.936837+00:00
271,6.4061,MM2Store,Chroma Bauble,2178.09,34000,False,,False,1635.97,5.5754,0.87032202,ECB daily reference rate,2026-09-22T09:50:57.936837+00:00
272,6.4118,LOLGA,Pixel,1.09,17,False,,False,1.99,5.5803,0.87032202,ECB daily reference rate,2026-09-22T09:50:57.936837+00:00
273,6.4286,StarPets,America,0.45,7,False,,True,1.39,5.5949,0.87032202,ECB daily reference rate,2026-09-22T09:50:57.936837+00:00
274,6.4286,StarPets,Eternal,0.45,7,False,,True,1.29,5.5949,0.87032202,ECB daily reference rate,2026-09-22T09:50:57.936837+00:00
275,6.4379,BuyBlox,Chroma Snow Dagger,151.29,2350,False,,False,166.44,5.6030,0.87032202,ECB daily reference rate,2026-09-22T09:50:57.936837+00:00
276,6.4452,LOLGA,Treat,9.99,155,False,,False,13.04,5.6094,0.87032202,ECB daily reference rate,2026-09-22T09:50:57.936837+00:00
277,6.4462,BuyBlox,Icebreaker,4.19,65,False,,False,4.29,5.6102,0.87032202,ECB daily reference rate,2026-09-22T09:50:57.936837+00:00
278,6.4468,MM2Store,Chroma Heart Wand,273.99,4250,False,,False,251.14,5.6108,0.87032202,ECB daily reference rate,2026-09-22T09:50:57.936837+00:00
279,6.4600,LOLGA,Sunset,41.99,650,False,,False,51.49,5.6223,0.87032202,ECB daily reference rate,2026-09-22T09:50:57.936837+00:00
280,6.4629,MM2Store,Chroma Alienbeam,1551.09,24000,False,,False,1292.59,5.6248,0.87032202,ECB daily reference rate,2026-09-22T09:50:57.936837+00:00
281,6.5015,BuyBlox,Constellation,178.79,2750,False,,False,178.79,5.6584,0.87032202,ECB daily reference rate,2026-09-22T09:50:57.936837+00:00
282,6.5086,LOLGA,Snow Dagger,11.39,175,False,,False,15.94,5.6646,0.87032202,ECB daily reference rate,2026-09-22T09:50:57.936837+00:00
283,6.5429,LOLGA,Chroma Deathshard,2.29,35,False,,False,2.79,5.6944,0.87032202,ECB daily reference rate,2026-09-22T09:50:57.936837+00:00
284,6.5562,LOLGA,Icepiercer,10.49,160,False,,False,14.29,5.7060,0.87032202,ECB daily reference rate,2026-09-22T09:50:57.936837+00:00
285,6.5714,StarPets,Prismatic,0.46,7,False,,True,1.39,5.7193,0.87032202,ECB daily reference rate,2026-09-22T09:50:57.936837+00:00
286,6.5714,StarPets,Xmas,0.46,7,False,,True,1.54,5.7193,0.87032202,ECB daily reference rate,2026-09-22T09:50:57.936837+00:00
287,6.6000,LOLGA,Slasher,0.99,15,False,,False,1.84,5.7441,0.87032202,ECB daily reference rate,2026-09-22T09:50:57.936837+00:00
288,6.6000,LOLGA,Icebreaker,4.29,65,False,,False,4.29,5.7441,0.87032202,ECB daily reference rate,2026-09-22T09:50:57.936837+00:00
289,6.6012,MM2Store,Chroma Snowcannon,511.59,7750,False,,False,426.29,5.7451,0.87032202,ECB daily reference rate,2026-09-22T09:50:57.936837+00:00
290,6.6036,BuyBlox,Evergreen,165.09,2500,False,,False,191.99,5.7473,0.87032202,ECB daily reference rate,2026-09-22T09:50:57.936837+00:00
291,6.6111,Luger,Swirly Gun,1.19,18,False,,False,0.99,5.7538,0.87032202,ECB daily reference rate,2026-09-22T09:50:57.936837+00:00
292,6.6154,StarPets,Icewing,0.86,13,False,,False,1.74,5.7575,0.87032202,ECB daily reference rate,2026-09-22T09:50:57.936837+00:00
293,6.6364,LOLGA,Elderwood Revolver,2.19,33,False,,False,3.39,5.7758,0.87032202,ECB daily reference rate,2026-09-22T09:50:57.936837+00:00
294,6.6418,MM2Store,Gingerscope,1062.69,16000,False,,False,786.79,5.7805,0.87032202,ECB daily reference rate,2026-09-22T09:50:57.936837+00:00
295,6.7233,MM2Store,Traveler's Axe,544.59,8100,False,,False,544.59,5.8515,0.87032202,ECB daily reference rate,2026-09-22T09:50:57.936837+00:00
296,6.7293,BuyBlox,Flora,27.59,410,False,,False,26.29,5.8566,0.87032202,ECB daily reference rate,2026-09-22T09:50:57.936837+00:00
297,6.7509,BuyBlox,Flowerwood Gun,17.89,265,False,,False,19.69,5.8755,0.87032202,ECB daily reference rate,2026-09-22T09:50:57.936837+00:00
298,6.7557,Bloxxer,Soul,44.25,655,False,,False,42.77,5.8797,0.87032202,ECB daily reference rate,2026-09-22T09:50:57.936837+00:00
299,6.7612,MM2Store,Chroma Evergreen,2772.09,41000,False,,False,2772.09,5.8844,0.87032202,ECB daily reference rate,2026-09-22T09:50:57.936837+00:00
300,6.7654,MM2Store,Alienbeam,138.69,2050,False,,False,127.14,5.8880,0.87032202,ECB daily reference rate,2026-09-22T09:50:57.936837+00:00
